{"neutral_bull": {"buy": -0.0028809463974667077, "sell": -0.03214993231781413, "hold": 0.015385206651805754}, "neutral_bear": {"buy": -0.06821877900462602, "sell": 0.019687667480570742, "hold": 0.033242014188674264}, "negative_bear": {"buy": -0.04080029941076524, "sell": -0.10053147113428386, "hold": 0.03207959960559145}, "positive_bear": {"buy": -0.36681122688049916, "sell": -0.14682983125844018, "hold": 0.03455206175504147}, "negative_bull": {"buy": 0.018837788120283028, "sell": -0.005985417993112964, "hold": 0.019150387518225374}, "positive_bull": {"buy": 0.009285232178772168, "sell": -0.055625309906960185, "hold": 0.01728742211634791}}