{"neutral_bull": {"buy": -0.17054189231612588, "sell": -0.29051069040851013, "hold": 0.07208301265793172}, "positive_bull": {"buy": -0.009608031843627879, "sell": -0.07009405147744113, "hold": 0.057377677663074236}, "neutral_bear": {"buy": 0.055906446967102924, "sell": 0.023155252136628154, "hold": 0.15500567963168313}, "positive_bear": {"buy": 0.2812888830394237, "sell": 0.0, "hold": 0.023571110575198277}, "negative_bear": {"buy": -0.21342619775312435, "sell": -0.06403173051080191, "hold": 0.2152374357034851}, "negative_bull": {"buy": -0.07371322775450509, "sell": -0.011899212215425906, "hold": 0.0519314150498118}}