{"neutral_bull": {"buy": -0.09963648005757487, "sell": -0.09217869421725562, "hold": 0.04312999998523635}, "neutral_bear": {"buy": -0.37635387425324907, "sell": -0.09699838971530718, "hold": 0.18014738687844276}, "negative_bull": {"buy": -0.04711138326941511, "sell": -0.06798839859916142, "hold": 0.031025105593649505}, "positive_bull": {"buy": -0.05243455578952585, "sell": -0.07605030098872093, "hold": 0.02451152467273047}, "negative_bear": {"buy": 0.4883247557531827, "sell": 0.0, "hold": 0.0}, "positive_bear": {"buy": -0.17795714961183345, "sell": -0.14649320744531108, "hold": 0.12842291591865124}}